Modelo,R2_Test,MAE_Test,Tiempo_s,Mejor_R2
RandomForest,0.6241460067732223,8.55289689625141,33.187015533447266,0.44028366670438757
GradientBoosting,0.5364403904160375,9.55237488995049,4.542773485183716,0.391541979928927
SVR,0.5137916281552466,10.87217515737629,0.6368365287780762,0.315536363126138
